"survey_id","survey_version","country","choice","wtp_lower","package","sos","info","own","community","years_fishing","age","boat_length_m","fishing_organization","education","gdp_prop","income_usd","NY.GDP.PCAP.KD","fishing_org_members","fishtech","boat_own","income_fishing","rank_one","wtp_upper"
1001,3,"IND",1,-3.56,3,0,1,"1","RAJ",1,19,7,"y","formal",0.198847718303682,852,4284.68582525458,10,0,1,100,"pollution",-2.14
1002,14,"IND",1,3.56,30,1,1,"1","RAJ",25,41,9,"y","formal",0.198847718303682,852,4284.68582525458,10,1,1,100,"weather",5.35
1003,10,"IND",1,0,26,1,0,"2","RAJ",55,68,9,"y","formal",0.298271577455522,1278,4284.68582525458,7,0,0,30,"weather",2.14
1004,5,"IND",1,3.56,5,0,0,"4","RAJ",15,56,4,"y","formal",0.198847718303682,852,4284.68582525458,10,0,1,100,"pollution",5.35
1005,11,"IND",1,3.56,11,1,1,"4","RAJ",30,59,5,"y","formal",0.401009565245758,1718.2,4284.68582525458,6,0,1,100,"weather",5.35
1006,1,"IND",1,-2.14,17,1,1,"3","RAJ",7,26,6,"y","formal",0.198847718303682,852,4284.68582525458,3,0,1,50,"iuu",0
1007,2,"IND",1,7.12,2,1,1,"3","RAJ",11,23,7,"y","formal",0.21873249013405,937.2,4284.68582525458,8,0,0,100,"corruption",11.02
1008,11,"IND",1,-2.14,11,1,1,"4","RAJ",9,33,9,"y","formal",0.596543154911045,2556,4284.68582525458,6,0,1,100,"weather",0
1009,6,"IND",1,3.56,22,1,0,"1","RAJ",34,46,9,"n","formal",0.0198847718303682,85.2,4284.68582525458,8,0,1,100,"weather",5.35
1010,16,"IND",1,0,32,1,1,"2","RAJ",30,42,9,"y","formal",1.59078174642945,6816,4284.68582525458,8,0,1,75,"weather",2.14
1011,4,"IND",1,-3.56,4,1,0,"4","RAJ",5,37,6,"y","formal",0.795390873214726,3408,4284.68582525458,8,0,1,25,"iuu",-2.14
1012,10,"IND",1,2.14,26,1,0,"2","RAJ",30,52,8,"y","higher",0.401009565245758,1718.2,4284.68582525458,4,0,1,81,"weather",3.56
1013,3,"IND",1,5.35,19,1,0,"4","RAJ",15,33,6,"y","formal",0.298271577455522,1278,4284.68582525458,5,0,0,70,"iuu",7.12
1014,6,"IND",1,3.56,22,1,0,"1","RAJ",15,50,4,"y","higher",0.401009565245758,1718.2,4284.68582525458,15,0,1,81,"weather",5.35
1015,7,"IND",1,3.56,7,1,0,"1","RAJ",30,42,3,"y","formal",0.401009565245758,1718.2,4284.68582525458,10,0,1,81,"pollution",5.35
1016,8,"IND",1,2.14,24,0,1,"1","RAJ",16,37,2,"y","formal",0.401009565245758,1718.2,4284.68582525458,5,0,0,81,"weather",3.56
1017,9,"IND",1,3.56,9,1,0,"3","RAJ",15,40,4,"y","formal",0.401009565245758,1718.2,4284.68582525458,20,0,1,81,"weather",5.35
1018,7,"IND",1,7.12,7,1,0,"1","RAJ",28,40,9,"n","formal",0.198847718303682,852,4284.68582525458,8,0,1,100,"corruption",11.02
3001,4,"IND",1,3.56,20,0,0,"1","MAK",20,40,28,"y","formal",0.298271577455522,1278,4284.68582525458,20,0,1,100,"pollution",5.35
3002,5,"IND",1,-2.14,5,0,0,"4","MAK",30,50,8,"y","formal",0.397695436607363,1704,4284.68582525458,20,0,1,100,"pollution",0
3004,7,"IND",1,-2.14,23,0,1,"3","MAK",8,37,7,"y","formal",0.198847718303682,852,4284.68582525458,30,0,0,100,"weather",0
3005,7,"IND",1,2.14,7,1,0,"1","MAK",15,30,3,"n","formal",0.497119295759204,2130,4284.68582525458,111,0,0,100,"weather",3.56
3007,8,"IND",1,3.56,24,0,1,"1","MAK",20,35,3,"y","formal",0.198847718303682,852,4284.68582525458,30,0,0,100,"weather",5.35
3008,9,"IND",1,0,9,1,0,"3","MAK",30,45,3,"y","no_formal",0.497119295759204,2130,4284.68582525458,20,1,0,100,"pollution",2.14
3009,13,"IND",1,0,29,1,0,"3","MAK",13,75,15,"n","no_formal",0.497119295759204,2130,4284.68582525458,111,1,0,100,"corruption",2.14
3010,10,"IND",1,2.14,26,1,0,"2","MAK",4,19,7,"y","formal",0.198847718303682,852,4284.68582525458,13,0,0,100,"weather",3.56
3011,10,"IND",1,3.56,26,1,0,"2","MAK",20,46,3,"n","formal",0.397695436607363,1704,4284.68582525458,111,0,0,100,"weather",5.35
3012,11,"IND",1,0,11,1,1,"4","MAK",9,32,3,"y","formal",0.397695436607363,1704,4284.68582525458,30,0,0,100,"weather",2.14
3013,11,"IND",1,2.14,11,1,1,"4","MAK",29,39,8,"y","formal",0.397695436607363,1704,4284.68582525458,25,0,1,100,"iuu",3.56
3014,14,"IND",1,-3.56,30,1,1,"1","MAK",50,60,16,"y","formal",3.97695436607363,17040,4284.68582525458,12,0,1,100,"weather",-2.14
3015,14,"IND",1,0,30,1,1,"1","MAK",30,47,5,"n","formal",0.497119295759204,2130,4284.68582525458,111,0,1,100,"pollution",2.14
3016,9,"IND",1,0,9,1,0,"3","MAK",32,42,5,"y","formal",0.596543154911045,2556,4284.68582525458,10,0,0,100,"pollution",2.14
3017,2,"IND",1,0,2,1,1,"3","MAK",30,42,5,"n","formal",0.497119295759204,2130,4284.68582525458,111,0,1,100,"pollution",2.14
3018,3,"IND",1,0,19,1,0,"4","MAK",25,40,5,"n","formal",0.497119295759204,2130,4284.68582525458,111,0,0,100,"pollution",2.14
3019,12,"IND",1,2.14,12,1,1,"1","MAK",25,39,7,"n","formal",0.497119295759204,2130,4284.68582525458,111,0,0,100,"weather",3.56
3020,15,"IND",1,2.14,15,0,0,"1","MAK",17,28,6,"y","formal",0.397695436607363,1704,4284.68582525458,30,1,0,100,"weather",3.56
3022,1,"IND",1,2.14,17,1,1,"3","MAK",10,59,100,"n","formal",0.497119295759204,2130,4284.68582525458,111,0,0,100,"weather",3.56
3023,16,"IND",1,0,32,1,1,"2","MAK",5,40,20,"n","formal",0.397695436607363,1704,4284.68582525458,111,0,0,100,"weather",2.14
3026,15,"IND",1,3.56,15,0,0,"1","MAK",20,35,7,"n","formal",0.397695436607363,1704,4284.68582525458,111,0,0,100,"weather",5.35
3027,12,"IND",1,3.56,12,1,1,"1","MAK",25,40,7,"y","formal",0.596543154911045,2556,4284.68582525458,200,1,0,100,"weather",5.35
3028,12,"IND",1,-2.14,12,1,1,"1","MAK",20,54,13,"n","formal",0.497119295759204,2130,4284.68582525458,111,0,0,100,"weather",0
3029,16,"IND",1,3.56,16,0,1,"3","MAK",22,35,7,"y","formal",0.596543154911045,2556,4284.68582525458,200,1,0,100,"weather",5.35
3030,1,"IND",1,3.56,17,1,1,"3","MAK",6,35,7,"y","formal",1.19308630982209,5112,4284.68582525458,200,1,0,100,"weather",5.35
3031,13,"IND",1,3.56,29,1,0,"3","MAK",4,29,8,"n","formal",0.397695436607363,1704,4284.68582525458,111,1,0,100,"weather",5.35
3032,12,"IND",1,5.35,12,1,1,"1","MAK",20,37,8,"n","formal",1.59078174642945,6816,4284.68582525458,111,1,0,100,"iuu",7.12
3033,1,"IND",1,3.56,17,1,1,"3","MAK",35,48,8,"n","formal",3.97695436607363,17040,4284.68582525458,111,1,1,100,"iuu",5.35
3036,3,"IND",1,3.56,19,1,0,"4","MAK",22,39,15,"y","formal",3.97695436607363,17040,4284.68582525458,100,1,1,100,"iuu",5.35
3037,5,"IND",1,3.56,21,1,1,"4","MAK",21,40,15,"n","formal",1.59078174642945,6816,4284.68582525458,111,1,0,100,"weather",5.35
3041,9,"IND",1,2.14,9,1,0,"3","MAK",25,40,15,"y","formal",0.497119295759204,2130,4284.68582525458,300,0,0,100,"weather",3.56
3042,10,"IND",1,3.56,26,1,0,"2","MAK",20,33,12,"y","formal",0.596543154911045,2556,4284.68582525458,300,1,1,100,"weather",5.35
3043,11,"IND",1,2.14,11,1,1,"4","MAK",25,38,15,"n","formal",0.397695436607363,1704,4284.68582525458,111,0,0,100,"weather",3.56
3044,12,"IND",1,2.14,12,1,1,"1","MAK",20,38,12,"n","formal",0.397695436607363,1704,4284.68582525458,111,0,0,100,"weather",3.56
3045,13,"IND",1,2.14,29,1,0,"3","MAK",20,40,8,"n","formal",0.397695436607363,1704,4284.68582525458,111,1,0,100,"weather",3.56
3047,4,"IND",1,-2.14,20,0,0,"1","MAK",20,43,7,"y","formal",0.198847718303682,852,4284.68582525458,50,0,0,100,"weather",0
3048,6,"IND",1,2.14,22,1,0,"1","MAK",10,29,9,"n","formal",0.298271577455522,1278,4284.68582525458,111,0,0,100,"weather",3.56
3049,4,"IND",1,0,4,1,0,"4","MAK",40,55,6,"n","formal",0.397695436607363,1704,4284.68582525458,111,0,0,100,"weather",2.14
3050,14,"IND",1,2.14,30,1,1,"1","MAK",20,41,7,"y","formal",0.397695436607363,1704,4284.68582525458,20,0,0,100,"weather",3.56
3052,8,"IND",1,0,24,0,1,"1","MAK",15,30,9,"n","formal",0.139193402812577,596.4,4284.68582525458,111,0,0,100,"pollution",2.14
3053,6,"IND",1,0,22,1,0,"1","MAK",10,25,7,"y","formal",0.298271577455522,1278,4284.68582525458,400,0,0,100,"weather",2.14
3054,2,"IND",1,0,2,1,1,"3","MAK",5,20,7,"n","formal",0.298271577455522,1278,4284.68582525458,111,0,0,100,"weather",2.14
3055,5,"IND",1,-5.35,21,1,1,"4","MAK",20,45,11,"n","formal",1.19308630982209,5112,4284.68582525458,111,0,1,100,"weather",-3.56
3056,15,"IND",1,0,15,0,0,"1","MAK",25,36,7,"n","formal",0.298271577455522,1278,4284.68582525458,111,0,0,100,"weather",2.14
3057,16,"IND",1,0,32,1,1,"2","MAK",25,45,10,"n","formal",0.497119295759204,2130,4284.68582525458,111,0,0,100,"weather",2.14
3058,16,"IND",1,2.14,16,0,1,"3","MAK",25,38,12,"n","formal",0.497119295759204,2130,4284.68582525458,111,0,0,100,"weather",3.56
3059,12,"IND",1,-2.14,28,0,1,"2","MAK",50,64,8,"n","no_formal",0.397695436607363,1704,4284.68582525458,111,0,1,100,"pollution",0
4001,1,"IND",1,-2.14,17,1,1,"3","MNC",38,47,17,"n","formal",0.994238591518408,4260,4284.68582525458,62,1,1,100,"weather",0
4002,2,"IND",1,0,2,1,1,"3","MNC",20,35,17,"n","formal",0.397695436607363,1704,4284.68582525458,62,1,0,100,"weather",2.14
4003,3,"IND",1,3.56,19,1,0,"4","MNC",10,36,15,"y","formal",1.59078174642945,6816,4284.68582525458,30,1,1,100,"weather",5.35
4004,4,"IND",1,0,4,1,0,"4","MNC",7,27,17,"n","formal",0.397695436607363,1704,4284.68582525458,62,1,1,100,"weather",2.14
4005,5,"IND",1,2.14,21,1,1,"4","MNC",11,36,17,"n","formal",0.596543154911045,2556,4284.68582525458,62,1,0,100,"weather",3.56
4006,6,"IND",1,2.14,22,1,0,"1","MNC",12,40,17,"n","formal",0.497119295759204,2130,4284.68582525458,62,1,0,100,"weather",3.56
4007,7,"IND",1,2.14,7,1,0,"1","MNC",20,35,17,"n","formal",0.397695436607363,1704,4284.68582525458,62,1,0,100,"weather",3.56
4008,8,"IND",1,2.14,24,0,1,"1","MNC",2,17,17,"n","formal",0.397695436607363,1704,4284.68582525458,62,1,0,100,"weather",3.56
4009,9,"IND",1,2.14,9,1,0,"3","MNC",35,45,17,"y","formal",0.596543154911045,2556,4284.68582525458,25,1,0,100,"weather",3.56
4010,10,"IND",1,2.14,26,1,0,"2","MNC",15,37,17,"n","formal",1.19308630982209,5112,4284.68582525458,62,1,1,100,"weather",3.56
4011,11,"IND",1,2.14,11,1,1,"4","MNC",35,50,17,"n","formal",0.497119295759204,2130,4284.68582525458,62,1,0,10,"weather",3.56
4012,12,"IND",1,3.56,12,1,1,"1","MNC",8,27,17,"n","higher",0.994238591518408,4260,4284.68582525458,62,1,1,10,"weather",5.35
4013,13,"IND",1,3.56,29,1,0,"3","MNC",35,46,17,"n","formal",0.397695436607363,1704,4284.68582525458,62,1,0,10,"weather",5.35
4014,14,"IND",1,3.56,30,1,1,"1","MNC",10,30,20,"n","higher",0.994238591518408,4260,4284.68582525458,62,1,1,10,"weather",5.35
4015,15,"IND",1,3.56,15,0,0,"1","MNC",11,30,16,"n","higher",0.894814732366567,3834,4284.68582525458,62,1,1,10,"weather",5.35
4016,16,"IND",1,3.56,16,0,1,"3","MNC",20,36,16,"n","higher",0.894814732366567,3834,4284.68582525458,62,1,1,10,"corruption",5.35
4017,1,"IND",1,0,17,1,1,"3","MNC",10,37,11,"n","formal",0.298271577455522,1278,4284.68582525458,62,0,1,10,"weather",2.14
4019,3,"IND",1,2.14,19,1,0,"4","MNC",35,50,6,"n","formal",0.298271577455522,1278,4284.68582525458,62,1,1,10,"weather",3.56
4020,5,"IND",1,0,21,1,1,"4","MNC",30,45,6,"n","formal",0.298271577455522,1278,4284.68582525458,62,1,1,10,"weather",2.14
4021,6,"IND",1,2.14,6,0,0,"3","MNC",20,40,6,"n","formal",0.397695436607363,1704,4284.68582525458,62,1,1,10,"weather",3.56
4022,13,"IND",1,0,29,1,0,"3","MNC",25,41,6,"n","formal",0.298271577455522,1278,4284.68582525458,62,1,1,10,"weather",2.14
4023,15,"IND",1,0,15,0,0,"1","MNC",22,42,6,"n","formal",0.298271577455522,1278,4284.68582525458,62,1,0,10,"weather",2.14
5001,7,"MEX",1,7.75,7,1,0,"1","PSC",30,53,8,"y","formal",6.00818461663438,62400,10385.8326568791,12,1,1,90,"corruption",13.33
5002,6,"MEX",1,3.62,22,1,0,"1","PSC",42,59,7,"y","formal",9.01227692495157,93600,10385.8326568791,9,1,1,100,"iuu",5.17
5003,8,"MEX",1,2.07,8,0,1,"4","PSC",15,33,8,"y","higher",2.40327384665375,24960,10385.8326568791,10,1,1,100,"iuu",3.62
5004,5,"MEX",1,5.17,21,1,1,"4","PSC",32,57,8,"y","formal",1.5020461541586,15600,10385.8326568791,8,1,1,100,"corruption",7.75
5005,8,"MEX",1,2.07,8,0,1,"4","PSC",28,39,7,"y","formal",0.901227692495157,9360,10385.8326568791,20,1,1,100,"corruption",3.62
5006,9,"MEX",1,5.17,9,1,0,"3","PSC",45,58,8,"y","formal",0.540736615497094,5616,10385.8326568791,7,1,1,100,"iuu",7.75
5007,4,"MEX",1,2.07,4,1,0,"4","PSC",58,65,7,"y","formal",6.90941230912954,71760,10385.8326568791,8,1,1,90,"corruption",3.62
5008,2,"MEX",1,2.07,2,1,1,"3","PSC",52,64,8,"y","formal",0.480654769330751,4992,10385.8326568791,17,1,1,100,"iuu",3.62
5009,16,"MEX",1,7.75,32,1,1,"2","PSC",22,42,8,"y","higher",1.5020461541586,15600,10385.8326568791,20,1,0,100,"iuu",13.33
5010,11,"MEX",1,5.17,11,1,1,"4","PSC",30,42,8,"y","formal",1.80245538499031,18720,10385.8326568791,7,1,1,100,"corruption",7.75
5011,15,"MEX",1,5.17,15,0,0,"1","PSC",26,47,8,"y","formal",0.961309538661501,9984,10385.8326568791,8,1,1,100,"iuu",7.75
5012,13,"MEX",1,2.07,13,1,1,"2","PSC",15,52,8,"y","formal",0.480654769330751,4992,10385.8326568791,8,1,0,100,"iuu",3.62
5013,14,"MEX",1,7.75,30,1,1,"1","PSC",10,26,8,"y","formal",0.360491076998063,3744,10385.8326568791,15,1,0,100,"corruption",13.33
5014,2,"MEX",1,3.62,2,1,1,"3","PSC",15,30,7,"y","higher",0.450613846247579,4680,10385.8326568791,13,1,0,50,"iuu",5.17
5015,10,"MEX",1,7.75,26,1,0,"2","PSC",35,48,7,"y","formal",0.600818461663438,6240,10385.8326568791,14,1,1,40,"pollution",13.33
5016,3,"MEX",1,-2.07,3,0,1,"1","PSC",16,34,7,"n","formal",2.70368307748547,28080,10385.8326568791,11,1,1,100,"corruption",0
5017,6,"MEX",1,7.75,22,1,0,"1","PSC",30,41,7,"y","formal",1.80245538499031,18720,10385.8326568791,16,1,0,90,"pollution",13.33
5018,7,"MEX",1,7.75,7,1,0,"1","PSC",25,50,8,"y","formal",0.600818461663438,6240,10385.8326568791,7,1,0,100,"corruption",13.33
5019,2,"MEX",1,5.17,2,1,1,"3","PSC",20,41,8,"y","formal",0.600818461663438,6240,10385.8326568791,10,1,0,100,"corruption",7.75
5020,16,"MEX",1,-2.07,32,1,1,"2","PSC",20,47,7,"y","formal",0.901227692495157,9360,10385.8326568791,8,1,0,100,"pollution",0
5021,14,"MEX",1,7.75,14,1,0,"2","PSC",5,19,8,"y","formal",0.720982153996126,7488,10385.8326568791,11,1,0,100,"pollution",13.33
5023,3,"MEX",1,7.75,19,1,0,"4","PSC",30,48,8,"y","formal",0.480654769330751,4992,10385.8326568791,10,1,1,100,"corruption",13.33
5026,1,"MEX",1,7.75,17,1,1,"3","PSC",45,60,9,"y","formal",1.80245538499031,18720,10385.8326568791,8,1,1,100,"pollution",13.33
5027,4,"MEX",1,5.17,4,1,0,"4","PSC",15,30,7,"y","higher",0.480654769330751,4992,10385.8326568791,5,1,1,100,"iuu",7.75
5028,5,"MEX",1,2.07,21,1,1,"4","PSC",27,43,8,"y","formal",0.901227692495157,9360,10385.8326568791,12,1,1,60,"pollution",3.62
5029,9,"MEX",1,3.62,9,1,0,"3","PSC",6,21,8,"n","formal",1.20163692332688,12480,10385.8326568791,11,1,1,100,"corruption",5.17
5030,11,"MEX",1,7.75,11,1,1,"4","PSC",30,50,8,"y","formal",0.480654769330751,4992,10385.8326568791,23,1,1,100,"pollution",13.33
5031,15,"MEX",1,3.62,15,0,0,"1","PSC",20,63,7,"y","no_formal",0.360491076998063,3744,10385.8326568791,7,1,1,50,"corruption",5.17
5032,12,"MEX",1,-2.07,12,1,1,"1","PSC",10,22,10,"y","formal",0.901227692495157,9360,10385.8326568791,10,1,0,100,"weather",0
5033,12,"MEX",1,3.62,12,1,1,"1","PSC",35,45,6,"n","formal",0.720982153996126,7488,10385.8326568791,11,1,1,100,"pollution",5.17
5034,8,"MEX",1,3.62,24,0,1,"1","PSC",42,63,8,"y","formal",0.600818461663438,6240,10385.8326568791,6,1,1,100,"corruption",5.17
5035,1,"MEX",1,5.17,17,1,1,"3","PSC",23,44,8,"y","formal",1.62220984649128,16848,10385.8326568791,8,1,1,100,"iuu",7.75
5037,7,"MEX",1,5.17,7,1,0,"1","PSC",19,36,7,"n","no_formal",1.80245538499031,18720,10385.8326568791,11,1,1,100,"corruption",7.75
5038,16,"MEX",1,5.17,32,1,1,"2","PSC",6,19,8,"y","formal",0.720982153996126,7488,10385.8326568791,8,1,0,100,"iuu",7.75
5039,11,"MEX",1,7.75,11,1,1,"4","PSC",22,40,7,"y","higher",1.20163692332688,12480,10385.8326568791,8,1,0,100,"corruption",13.33
5040,7,"MEX",1,7.75,7,1,0,"1","PSC",34,53,7,"y","formal",3.60491076998063,37440,10385.8326568791,16,1,1,45,"corruption",13.33
5041,15,"MEX",1,2.07,15,0,0,"1","PSC",23,30,7,"n","formal",1.80245538499031,18720,10385.8326568791,11,1,1,100,"pollution",3.62
5042,5,"MEX",1,7.75,21,1,1,"4","PSC",7,27,7,"y","formal",1.98270092348935,20592,10385.8326568791,10,1,1,100,"iuu",13.33
5043,13,"MEX",1,5.17,13,1,1,"2","PSC",23,41,8,"n","formal",0.78106400016247,8112,10385.8326568791,11,1,1,100,"corruption",7.75
5044,13,"MEX",1,-2.07,29,1,0,"3","PSC",39,52,8,"y","formal",0.901227692495157,9360,10385.8326568791,15,1,1,100,"pollution",0
5045,4,"MEX",1,7.75,4,1,0,"4","PSC",2,19,8,"n","formal",0.901227692495157,9360,10385.8326568791,11,1,0,85,"pollution",13.33
5046,10,"MEX",1,7.75,26,1,0,"2","PSC",4,20,8,"y","formal",1.20163692332688,12480,10385.8326568791,12,1,0,70,"corruption",13.33
5047,2,"MEX",1,7.75,2,1,1,"3","PSC",38,59,8,"y","formal",1.5020461541586,15600,10385.8326568791,8,1,1,100,"corruption",13.33
6001,1,"MEX",1,3.62,17,1,1,"3","ALT",13,27,7,"y","formal",0.360491076998063,3744,10385.8326568791,26,1,1,100,"pollution",5.17
6002,3,"MEX",1,7.75,19,1,0,"4","ALT",5,25,7,"y","formal",0.901227692495157,9360,10385.8326568791,18,1,1,100,"pollution",13.33
6003,9,"MEX",1,2.07,9,1,0,"3","ALT",15,41,7,"y","formal",0.480654769330751,4992,10385.8326568791,18,1,1,100,"pollution",3.62
6004,10,"MEX",1,0,26,1,0,"2","ALT",36,56,7,"y","formal",0.240327384665375,2496,10385.8326568791,20,1,1,100,"iuu",2.07
6005,12,"MEX",1,0,12,1,1,"1","ALT",44,56,7,"y","formal",1.80245538499031,18720,10385.8326568791,84,1,1,100,"pollution",2.07
6007,3,"MEX",1,0,19,1,0,"4","ALT",35,54,7,"y","formal",0.420572923164407,4368,10385.8326568791,99,1,1,50,"corruption",2.07
6008,9,"MEX",1,5.17,9,1,0,"3","ALT",38,55,7,"y","higher",1.2226655694851,12698.4,10385.8326568791,96,1,0,30,"pollution",7.75
6009,10,"MEX",1,5.17,26,1,0,"2","ALT",42,60,7,"y","formal",0.600818461663438,6240,10385.8326568791,99,1,1,100,"iuu",7.75
6010,12,"MEX",1,3.62,12,1,1,"1","ALT",35,50,8,"y","formal",0.300409230831719,3120,10385.8326568791,96,1,1,100,"pollution",5.17
6011,1,"MEX",1,2.07,17,1,1,"3","ALT",40,59,7,"y","formal",0.480654769330751,4992,10385.8326568791,98,1,1,50,"pollution",3.62
6012,6,"MEX",1,7.75,22,1,0,"1","ALT",49,61,22,"y","formal",0.600818461663438,6240,10385.8326568791,96,1,1,50,"pollution",13.33
6013,11,"MEX",1,-5.17,27,0,0,"4","ALT",14,31,7,"y","formal",0.360491076998063,3744,10385.8326568791,98,1,1,50,"iuu",-3.62
6014,5,"MEX",1,7.75,21,1,1,"4","ALT",15,35,7,"y","formal",0.480654769330751,4992,10385.8326568791,96,1,1,50,"iuu",13.33
6015,14,"MEX",1,7.75,30,1,1,"1","ALT",41,58,7,"y","formal",0.78106400016247,8112,10385.8326568791,96,1,1,70,"pollution",13.33
6016,4,"MEX",1,0,20,0,0,"1","ALT",34,48,7,"y","formal",0.240327384665375,2496,10385.8326568791,96,1,1,50,"pollution",2.07
6019,8,"MEX",1,5.17,8,0,1,"4","ALT",44,58,7,"y","formal",0.961309538661501,9984,10385.8326568791,98,1,1,100,"pollution",7.75
6020,4,"MEX",1,3.62,4,1,0,"4","ALT",7,25,7,"y","formal",0.300409230831719,3120,10385.8326568791,86,1,1,50,"iuu",5.17
6021,5,"MEX",1,3.62,21,1,1,"4","ALT",3,17,7,"y","formal",1.80245538499031,18720,10385.8326568791,69,1,1,20,"iuu",5.17
6022,8,"MEX",1,2.07,24,0,1,"1","ALT",29,37,8,"y","formal",0.240327384665375,2496,10385.8326568791,70,1,1,75,"pollution",3.62
6023,14,"MEX",1,2.07,30,1,1,"1","ALT",47,63,7,"y","formal",0.480654769330751,4992,10385.8326568791,70,1,1,70,"pollution",3.62
6024,5,"MEX",1,2.07,21,1,1,"4","ALT",15,58,7,"y","formal",0.270368307748547,2808,10385.8326568791,22,1,1,50,"pollution",3.62
6025,16,"MEX",1,7.75,32,1,1,"2","ALT",30,50,7,"y","formal",0.300409230831719,3120,10385.8326568791,69,1,1,100,"corruption",13.33
6026,1,"MEX",1,2.07,17,1,1,"3","ALT",16,31,8,"y","formal",2.10286461582203,21840,10385.8326568791,69,1,1,50,"pollution",3.62
6027,13,"MEX",1,2.07,29,1,0,"3","ALT",31,51,7,"y","higher",0.420572923164407,4368,10385.8326568791,90,1,1,100,"corruption",3.62
6028,11,"MEX",1,2.07,11,1,1,"4","ALT",25,44,7,"y","formal",0.600818461663438,6240,10385.8326568791,25,1,1,100,"pollution",3.62
6029,9,"MEX",1,3.62,9,1,0,"3","ALT",30,47,8,"y","formal",3.60491076998063,37440,10385.8326568791,90,1,1,100,"corruption",5.17
6030,15,"MEX",1,2.07,15,0,0,"1","ALT",7,31,8,"y","formal",0.540736615497094,5616,10385.8326568791,25,1,0,100,"iuu",3.62
6031,8,"MEX",1,3.62,24,0,1,"1","ALT",20,39,7,"y","formal",0.540736615497094,5616,10385.8326568791,27,1,1,100,"iuu",5.17
6032,5,"MEX",1,3.62,21,1,1,"4","ALT",23,44,7,"y","formal",0.540736615497094,5616,10385.8326568791,69,1,1,100,"corruption",5.17
6033,1,"MEX",1,0,17,1,1,"3","ALT",28,48,8,"y","formal",0.705711351428847,7329.4,10385.8326568791,69,1,1,100,"corruption",2.07
6034,2,"MEX",1,3.62,2,1,1,"3","ALT",34,45,8,"y","formal",0.480654769330751,4992,10385.8326568791,72,1,1,100,"pollution",5.17
6035,3,"MEX",1,3.62,19,1,0,"4","TTN",33,54,7,"y","higher",0.720982153996126,7488,10385.8326568791,94,1,1,50,"pollution",5.17
6036,5,"MEX",1,2.07,21,1,1,"4","TTN",31,47,8,"y","formal",0.480654769330751,4992,10385.8326568791,94,1,1,100,"iuu",3.62
6037,6,"MEX",1,2.07,22,1,0,"1","TTN",40,58,6,"y","formal",0.480654769330751,4992,10385.8326568791,94,1,1,100,"pollution",3.62
6038,11,"MEX",1,2.07,11,1,1,"4","TTN",26,45,8,"y","formal",0.901227692495157,9360,10385.8326568791,26,1,1,100,"iuu",3.62
6039,13,"MEX",1,-2.07,29,1,0,"3","ALT",32,52,7,"y","formal",0.600818461663438,6240,10385.8326568791,54,1,1,100,"weather",0
6040,14,"MEX",1,3.62,30,1,1,"1","ALT",43,58,8,"n","formal",0.180245538499031,1872,10385.8326568791,69,1,0,40,"pollution",5.17
6041,15,"MEX",1,2.07,15,0,0,"1","ALT",2,18,7,"n","formal",0.420572923164407,4368,10385.8326568791,69,1,0,50,"pollution",3.62
7001,13,"IND",1,2.14,13,1,1,"2","WKB",21,44,12,"y","formal",0.795390873214726,3408,4284.68582525458,14,0,1,10,"iuu",3.56
7002,13,"IND",1,2.14,29,1,0,"3","WKB",30,47,9,"y","formal",0.994238591518408,4260,4284.68582525458,27,0,1,100,"iuu",3.56
7003,11,"IND",1,5.35,11,1,1,"4","WKB",20,47,12,"y","formal",0.894814732366567,3834,4284.68582525458,30,0,1,10,"weather",7.12
7004,11,"IND",1,5.35,11,1,1,"4","WKB",32,42,8,"y","formal",0.198847718303682,852,4284.68582525458,25,0,1,100,"iuu",7.12
7005,15,"IND",1,7.12,15,0,0,"1","WKB",19,47,10,"y","formal",0.795390873214726,3408,4284.68582525458,24,0,1,10,"iuu",11.02
7006,9,"IND",1,0,9,1,0,"3","WKB",98,37,10,"n","formal",0.902462721532093,3866.76923076923,4284.68582525458,24,0,1,10,"iuu",2.14
7007,9,"IND",1,3.56,9,1,0,"3","WKB",20,42,10,"y","formal",0.298271577455522,1278,4284.68582525458,30,0,1,80,"iuu",5.35
7008,15,"IND",1,-2.14,31,0,0,"2","WKB",22,37,9,"y","no_formal",0.198847718303682,852,4284.68582525458,35,0,1,100,"weather",0
7009,8,"IND",1,2.14,24,0,1,"1","WKB",15,35,11,"y","no_formal",1.59078174642945,6816,4284.68582525458,27,0,1,100,"iuu",3.56
7010,8,"IND",1,7.12,24,0,1,"1","WKB",15,22,9,"n","formal",0.795390873214726,3408,4284.68582525458,24,1,1,10,"weather",11.02
7011,4,"IND",1,7.12,4,1,0,"4","WKB",19,34,9,"n","formal",0.994238591518408,4260,4284.68582525458,24,1,1,10,"iuu",11.02
7012,4,"IND",1,3.56,4,1,0,"4","WKB",48,58,12,"y","formal",0.397695436607363,1704,4284.68582525458,15,1,1,100,"corruption",5.35
7013,5,"IND",1,0,21,1,1,"4","WKB",28,47,11,"y","formal",1.39193402812577,5964,4284.68582525458,15,0,1,100,"weather",2.14
7014,14,"IND",1,2.14,30,1,1,"1","WKB",21,41,10,"n","formal",2.38617261964418,10224,4284.68582525458,24,0,1,100,"iuu",3.56
8001,15,"IND",1,5.35,31,0,0,"2","JPR",30,51,6,"y","formal",0.596543154911045,2556,4284.68582525458,15,0,1,90,"weather",7.12
8002,14,"IND",1,3.56,30,1,1,"1","JPR",35,55,6,"y","formal",0.994238591518408,4260,4284.68582525458,200,0,1,70,"iuu",5.35
8003,16,"IND",1,7.12,32,1,1,"2","JPR",32,47,11,"y","formal",0.795390873214726,3408,4284.68582525458,10,0,1,80,"weather",11.02
8004,13,"IND",1,7.12,29,1,0,"3","JPR",40,55,10,"n","formal",0.994238591518408,4260,4284.68582525458,77,0,1,60,"weather",11.02
8005,11,"IND",1,2.14,11,1,1,"4","JPR",36,66,6,"y","formal",0.596543154911045,2556,4284.68582525458,10,0,0,80,"weather",3.56
8006,9,"IND",1,3.56,9,1,0,"3","JPR",40,58,11,"y","formal",0.397695436607363,1704,4284.68582525458,150,1,1,90,"iuu",5.35
